Date,Open,High,Low,Close,Volume
2021-11-28,2.83950000,2.85300000,2.70450000,2.76225000,160150752.00000000
2021-11-27,2.79900000,2.89500000,2.78475000,2.84025000,217782162.00000000
2021-11-26,3.12975000,3.13125000,2.71275000,2.79975000,630855505.00000000
2021-11-25,3.07500000,3.19125000,3.02700000,3.13050000,456849319.00000000
2021-11-24,3.20625000,3.21975000,2.98125000,3.07500000,320946191.00000000
2021-11-23,3.20250000,3.28950000,3.08775000,3.20625000,244395237.00000000
2021-11-22,3.33525000,3.40725000,3.16500000,3.20250000,374440983.00000000
2021-11-21,3.32250000,3.46125000,3.25500000,3.33300000,405327094.00000000
2021-11-20,3.24750000,3.34125000,3.15825000,3.32550000,287094787.00000000
2021-11-19,3.09225000,3.37500000,3.02550000,3.24825000,409868540.00000000
2021-11-18,3.53775000,3.55275000,2.97150000,3.09450000,847893270.00000000
2021-11-17,3.39225000,3.59250000,3.28200000,3.53550000,475254443.00000000
2021-11-16,3.64725000,3.65025000,3.15000000,3.39075000,670497842.00000000
2021-11-15,3.60825000,3.77850000,3.55875000,3.64875000,492434331.00000000
2021-11-14,3.62175000,3.62175000,3.53250000,3.60825000,212510785.00000000
2021-11-13,3.57375000,3.64125000,3.53025000,3.62025000,199823969.00000000
2021-11-12,3.63075000,3.65925000,3.45375000,3.57600000,314974185.00000000
2021-11-11,3.59775000,3.69150000,3.54750000,3.63225000,335611156.00000000
2021-11-10,3.88800000,3.96300000,3.18750000,3.59700000,858060157.00000000
2021-11-09,3.87375000,4.05900000,3.81150000,3.88725000,625065429.00000000
2021-11-08,3.77850000,3.89100000,3.73050000,3.87375000,379489217.00000000
2021-11-07,3.76800000,3.84375000,3.73575000,3.77700000,240105060.00000000
2021-11-06,3.85575000,3.87000000,3.60375000,3.76800000,425511474.00000000
2021-11-05,4.05525000,4.09500000,3.79350000,3.85575000,473191892.00000000
2021-11-04,4.09350000,4.28775000,3.91800000,4.05525000,984013603.00000000
2021-11-03,3.86550000,4.32000000,3.82950000,4.09350000,2537465602.00000000
2021-11-02,3.67050000,3.90375000,3.58875000,3.86550000,703103462.00000000
2021-11-01,3.72750000,3.89025000,3.51825000,3.67275000,486538125.00000000
2021-10-31,3.62025000,3.75000000,3.46350000,3.72450000,549352368.00000000
2021-10-30,3.65250000,3.66975000,3.49275000,3.62025000,340843726.00000000
2021-10-29,3.54000000,3.69750000,3.53550000,3.65625000,348406028.00000000
2021-10-28,3.31950000,3.77850000,3.27000000,3.54150000,1076824543.00000000
2021-10-27,3.83250000,3.85200000,3.00975000,3.31950000,1212486052.00000000
2021-10-26,3.80850000,3.95925000,3.75000000,3.82950000,435484027.00000000
2021-10-25,3.73725000,3.83100000,3.72075000,3.80700000,237782522.00000000
2021-10-24,3.84075000,3.86175000,3.64875000,3.73800000,360592369.00000000
2021-10-23,3.82575000,3.88725000,3.76800000,3.84075000,247394765.00000000
2021-10-22,3.75750000,3.86550000,3.71550000,3.82575000,270329228.00000000
2021-10-21,3.90000000,3.95700000,3.69600000,3.75825000,403881381.00000000
2021-10-20,3.75825000,3.92250000,3.68700000,3.90000000,304291792.00000000
2021-10-19,3.74850000,3.82500000,3.68475000,3.75975000,214920883.00000000
2021-10-18,3.81075000,3.85350000,3.66000000,3.74850000,290050952.00000000
2021-10-17,3.92850000,3.92925000,3.62625000,3.81150000,350456658.00000000
2021-10-16,3.93600000,4.00125000,3.86850000,3.92550000,371057305.00000000
2021-10-15,4.11525000,4.11750000,3.78600000,3.93900000,745911752.00000000
2021-10-14,4.13025000,4.14450000,4.04175000,4.11600000,395341201.00000000
2021-10-13,4.06725000,4.13175000,3.90750000,4.12875000,399717087.00000000
2021-10-12,4.05300000,4.07475000,3.75450000,4.06800000,671066646.00000000
2021-10-11,4.06800000,4.17900000,3.92325000,4.05675000,455836076.00000000
2021-10-10,4.47600000,4.47975000,3.99975000,4.06725000,578944656.00000000
2021-10-09,4.24050000,4.75725000,4.16850000,4.47450000,1449090812.00000000
2021-10-08,4.07400000,4.37475000,4.04250000,4.23975000,969875635.00000000
2021-10-07,4.12125000,4.12500000,3.96075000,4.07325000,513028605.00000000
2021-10-06,4.20450000,4.21575000,3.85950000,4.12050000,792025151.00000000
2021-10-05,4.01100000,4.34550000,3.96000000,4.20450000,880028218.00000000
2021-10-04,4.15500000,4.15875000,3.86250000,4.01250000,764208288.00000000
2021-10-03,4.20375000,4.23675000,4.06125000,4.15500000,592101084.00000000
2021-10-02,4.32975000,4.36875000,4.14750000,4.20600000,639674588.00000000
2021-10-01,4.09650000,4.36275000,3.95475000,4.32975000,773193229.00000000
2021-09-30,4.00800000,4.27500000,3.84525000,4.09875000,1094173677.00000000
2021-09-29,3.93675000,4.20750000,3.82875000,4.01025000,611459114.00000000
2021-09-28,4.21425000,4.36500000,3.90075000,3.93450000,573532616.00000000
2021-09-27,4.39275000,4.51350000,4.18575000,4.21575000,486835013.00000000
2021-09-26,4.43550000,4.55325000,4.02600000,4.39650000,576626032.00000000
2021-09-25,4.54875000,4.65375000,4.25325000,4.43625000,504639596.00000000
2021-09-24,4.96800000,5.06250000,4.14675000,4.54875000,1236614716.00000000
2021-09-23,4.92225000,5.03775000,4.58700000,4.96800000,1080192057.00000000
2021-09-22,3.91725000,4.97550000,3.77475000,4.92000000,1097558515.00000000
2021-09-21,4.19100000,4.54125000,3.80400000,3.91800000,1196891723.00000000
2021-09-20,5.00550000,5.01075000,3.93375000,4.19175000,1299149459.00000000
2021-09-19,5.24325000,5.26725000,4.90575000,5.00250000,377258563.00000000
2021-09-18,5.17425000,5.38425000,5.10375000,5.23950000,425848014.00000000
2021-09-17,5.47575000,5.48175000,5.05575000,5.16975000,642320506.00000000
2021-09-16,5.96100000,6.00000000,5.38050000,5.47575000,826163673.00000000
2021-09-15,5.56200000,6.07500000,5.49600000,5.96250000,1374283639.00000000
2021-09-14,4.99800000,5.62125000,4.89225000,5.56275000,1226711766.00000000
2021-09-13,5.46975000,5.66100000,4.64850000,4.99650000,1213637246.00000000
2021-09-12,5.45850000,5.61075000,5.09250000,5.47050000,1033960525.00000000
2021-09-11,5.59425000,5.84025000,5.37225000,5.46150000,999725888.00000000
2021-09-10,5.98200000,6.26925000,5.25900000,5.59350000,2294733398.00000000
2021-09-09,5.89950000,6.48750000,5.52975000,5.98350000,4403214674.00000000
2021-09-08,4.05450000,6.15000000,3.85725000,5.89950000,5241530529.00000000
2021-09-07,4.81650000,4.84125000,3.43200000,4.05750000,1524315182.00000000
2021-09-06,4.58850000,4.83450000,4.29225000,4.81875000,948477426.00000000
2021-09-05,4.41825000,5.24070000,4.38150000,4.59150000,2383177269.00000000
2021-09-04,3.90900000,4.77000000,3.84150000,4.41300000,3018755697.00000000
2021-09-03,3.35475000,3.98475000,3.27750000,3.90900000,1442436244.00000000
2021-09-02,3.28875000,3.50175000,3.23250000,3.35400000,575181682.00000000
2021-09-01,3.16500000,3.29400000,3.05625000,3.28950000,415020484.00000000
2021-08-31,3.09300000,3.22425000,2.97600000,3.16575000,688955368.00000000
2021-08-30,3.28875000,3.29025000,3.04050000,3.09150000,548860424.00000000
2021-08-29,3.40575000,3.42000000,3.22575000,3.28800000,447214481.00000000
2021-08-28,3.49500000,3.53325000,3.30300000,3.40575000,455880771.00000000
2021-08-27,3.31875000,3.49800000,3.12225000,3.49425000,1036809118.00000000
2021-08-26,3.32760000,3.61125000,3.17025000,3.31725000,1839023907.00000000
2021-08-25,2.98065000,3.61380000,2.91262500,3.32685000,2073549247.00000000
2021-08-24,3.22545000,3.22680000,2.85240000,2.97982500,1065418766.00000000
2021-08-23,2.77927500,3.38760000,2.77447500,3.22545000,2749811031.00000000
2021-08-22,2.64637500,2.92500000,2.56402500,2.77702500,1669090970.00000000
2021-08-21,2.46172500,2.68575000,2.38455000,2.64637500,1058768688.00000000
2021-08-20,2.37892500,2.48085000,2.34682500,2.46120000,407002349.00000000
2021-08-19,2.26387500,2.40990000,2.18250000,2.37892500,471542945.00000000
2021-08-18,2.27610000,2.34270000,2.17875000,2.26387500,495202809.00000000
2021-08-17,2.42527500,2.49562500,2.24872500,2.27670000,537108839.00000000
2021-08-16,2.48385000,2.56477500,2.38890000,2.42257500,622639894.00000000
2021-08-15,2.45572500,2.59372500,2.32695000,2.47680000,709673436.00000000
2021-08-14,2.42085000,2.46285000,2.27257500,2.45220000,522637926.00000000
2021-08-13,2.26710000,2.42617500,2.24460000,2.42085000,550416311.00000000
2021-08-12,2.30062500,2.40307500,2.12655000,2.26710000,749847139.00000000
2021-08-11,2.20432500,2.38500000,2.16750000,2.30310000,959641827.00000000
2021-08-10,2.10727500,2.21865000,2.04442500,2.20875000,681115593.00000000
2021-08-09,2.01487500,2.13142500,1.95007500,2.10765000,545274661.00000000
2021-08-08,2.14642500,2.18872500,2.00160000,2.01480000,391154935.00000000
2021-08-07,2.08125000,2.16652500,2.03152500,2.14665000,619534873.00000000
2021-08-06,2.00745000,2.16622500,2.00745000,2.08125000,1278742448.00000000
2021-08-05,1.89607500,2.00955000,1.82325000,2.00917500,415314631.00000000
2021-08-04,1.84267500,1.90927500,1.78890000,1.89667500,342201211.00000000
2021-08-03,1.93365000,1.93380000,1.77645000,1.84125000,428306446.00000000
2021-08-02,1.90335000,1.97422500,1.84695000,1.93470000,456769279.00000000
2021-08-01,2.05275000,2.12925000,1.86922500,1.90597500,771170703.00000000
2021-07-31,1.96065000,2.11380000,1.94235000,2.05500000,975631755.00000000
2021-07-30,1.80757500,2.02800000,1.79392500,1.96020000,1180263656.00000000
2021-07-29,1.74840000,1.84665000,1.69927500,1.80825000,655065859.00000000
2021-07-28,1.74585000,1.76130000,1.69447500,1.74870000,366339841.00000000
2021-07-27,1.71667500,1.77315000,1.63567500,1.74600000,644625724.00000000
2021-07-26,1.75612500,1.89945000,1.69597500,1.71517500,957698806.00000000
2021-07-25,1.81927500,1.83127500,1.65960000,1.75687500,618790431.00000000
2021-07-24,1.59997500,1.83900000,1.59060000,1.81755000,960536048.00000000
2021-07-23,1.51012500,1.61520000,1.48800000,1.59915000,489160737.00000000
2021-07-22,1.45687500,1.57500000,1.44105000,1.51057500,756432439.00000000
2021-07-21,1.34962500,1.48342500,1.29945000,1.45642500,768046517.00000000
2021-07-20,1.32225000,1.44517500,1.21072500,1.34730000,1558358137.00000000
2021-07-19,1.39275000,1.42935000,1.29090000,1.32262500,373411346.00000000
2021-07-18,1.38270000,1.42275000,1.35990000,1.39170000,240829216.00000000
2021-07-17,1.35390000,1.40152500,1.33117500,1.38240000,451246600.00000000
2021-07-16,1.43947500,1.48192500,1.35015000,1.35450000,337282779.00000000
2021-07-15,1.51200000,1.53367500,1.41232500,1.43595000,333581899.00000000
2021-07-14,1.53127500,1.53585000,1.40932500,1.51185000,405610552.00000000
2021-07-13,1.59705000,1.59892500,1.49250000,1.53352500,259624050.00000000
2021-07-12,1.61520000,1.61632500,1.52167500,1.59765000,279838403.00000000
2021-07-11,1.55587500,1.64985000,1.52580000,1.61250000,199915473.00000000
2021-07-10,1.59472500,1.61692500,1.52115000,1.55520000,207935746.00000000
2021-07-09,1.57372500,1.60312500,1.47135000,1.59472500,437062083.00000000
2021-07-08,1.79565000,1.79820000,1.53330000,1.57297500,674139556.00000000
2021-07-07,1.81297500,1.84222500,1.77165000,1.79460000,379418960.00000000
2021-07-06,1.81507500,1.87125000,1.75605000,1.81380000,517153951.00000000
2021-07-05,1.92367500,1.92367500,1.73250000,1.81350000,622756745.00000000
2021-07-04,1.88745000,1.92750000,1.77765000,1.92562500,501214016.00000000
2021-07-03,1.89450000,1.90297500,1.74022500,1.88887500,765347561.00000000
2021-07-02,1.61445000,1.92855000,1.60875000,1.89480000,1345115509.00000000
2021-07-01,1.68412500,1.68562500,1.54132500,1.61287500,448470659.00000000
2021-06-30,1.64062500,1.68607500,1.52460000,1.68382500,541740809.00000000
2021-06-29,1.48710000,1.66192500,1.48710000,1.64265000,1110576192.00000000
2021-06-28,1.41697500,1.49160000,1.38592500,1.48702500,521747041.00000000
2021-06-27,1.38720000,1.41750000,1.30500000,1.41667500,347546919.00000000
2021-06-26,1.33620000,1.40002500,1.26330000,1.38690000,647311135.00000000
2021-06-25,1.46475000,1.55047500,1.31032500,1.33657500,1100092853.00000000
2021-06-24,1.39597500,1.48800000,1.29697500,1.46610000,592279718.00000000
2021-06-23,1.21290000,1.44697500,1.14967500,1.39500000,1001427021.00000000
2021-06-22,1.29690000,1.43707500,1.07040000,1.21275000,2135544483.00000000
2021-06-21,1.77352500,1.80000000,1.27245000,1.29757500,1378235569.00000000
2021-06-20,1.81462500,1.86960000,1.65247500,1.77150000,610125576.00000000
2021-06-19,1.91040000,1.92667500,1.81500000,1.81755000,368479826.00000000
2021-06-18,2.01187500,2.08777500,1.85362500,1.91010000,513621331.00000000
2021-06-17,2.04585000,2.10000000,1.96350000,2.01187500,299419240.00000000
2021-06-16,2.17777500,2.17822500,2.02785000,2.04697500,298282762.00000000
2021-06-15,2.20327500,2.25712500,2.10750000,2.17650000,330424042.00000000
2021-06-14,2.09662500,2.21250000,2.04082500,2.20455000,382901184.00000000
2021-06-13,1.98600000,2.12332500,1.95765000,2.09632500,371840189.00000000
2021-06-12,2.08185000,2.08245000,1.94730000,1.98412500,402202581.00000000
2021-06-11,2.15535000,2.27197500,2.04382500,2.08305000,398226011.00000000
2021-06-10,2.23500000,2.29162500,2.10030000,2.15535000,366472658.00000000
2021-06-09,2.13255000,2.23965000,2.03617500,2.23282500,391310743.00000000
2021-06-08,2.22855000,2.26905000,1.95517500,2.13450000,623338945.00000000
2021-06-07,2.42182500,2.54527500,2.18227500,2.22967500,464506197.00000000
2021-06-06,2.32770000,2.43217500,2.31495000,2.42242500,306337814.00000000
2021-06-05,2.40675000,2.54092500,2.22187500,2.33010000,523824869.00000000
2021-06-04,2.66310000,2.66767500,2.29635000,2.40922500,638843659.00000000
2021-06-03,2.59627500,2.79247500,2.55982500,2.66385000,1051040387.00000000
2021-06-02,2.35155000,2.61975000,2.29987500,2.59807500,598837939.00000000
2021-06-01,2.44020000,2.47080000,2.27115000,2.35155000,384999144.00000000
2021-05-31,2.27580000,2.45955000,2.17500000,2.44515000,412178911.00000000
2021-05-30,2.23860000,2.35402500,2.08432500,2.27550000,380804912.00000000
2021-05-29,2.24977500,2.36992500,2.05897500,2.23552500,525735887.00000000
2021-05-28,2.58555000,2.60872500,2.11560000,2.25720000,983598525.00000000
2021-05-27,2.64517500,2.65642500,2.37007500,2.58337500,759807358.00000000
2021-05-26,2.46645000,2.73045000,2.37645000,2.64667500,1018340607.00000000
2021-05-25,2.56207500,2.66250000,2.15887500,2.46622500,1260278877.00000000
2021-05-24,2.05417500,2.57122500,1.95570000,2.57122500,1282264394.00000000
2021-05-23,2.40937500,2.47260000,1.56105000,2.05432500,2167266568.00000000
2021-05-22,2.60580000,2.97135000,2.33557500,2.40540000,1844221274.00000000
2021-05-21,2.72595000,3.25725000,2.10607500,2.61105000,2201976850.00000000
2021-05-20,2.23140000,2.99782500,1.92135000,2.72640000,2395561139.00000000
2021-05-19,3.48750000,3.56002500,1.50000000,2.22075000,3551587022.00000000
2021-05-18,3.43050000,3.68842500,3.38662500,3.48787500,647086151.00000000
2021-05-17,3.69540000,3.71700000,3.26482500,3.43642500,837362674.00000000
2021-05-16,3.60682500,4.01850000,3.47505000,3.70432500,878092141.00000000
2021-05-15,3.91080000,3.97500000,3.54810000,3.60525000,650235285.00000000
2021-05-14,3.76035000,4.10205000,3.73485000,3.91845000,602425790.00000000
2021-05-13,3.65032500,4.00972500,3.37507500,3.76845000,986112262.00000000
2021-05-12,4.47202500,4.55700000,3.60000000,3.66322500,782998713.00000000
2021-05-11,4.14270000,4.54005000,3.97500000,4.47660000,840456409.00000000
2021-05-10,4.75522500,4.88917500,3.79470000,4.14270000,908410739.00000000
2021-05-09,4.83802500,4.97865000,4.51500000,4.75642500,713382093.00000000
2021-05-08,5.01397500,5.15280000,4.70647500,4.83465000,742619522.00000000
2021-05-07,4.84207500,5.73150000,4.75950000,5.00752500,2483985605.00000000
2021-05-06,4.64017500,5.15017500,4.50007500,4.83832500,1278090048.00000000
2021-05-05,4.25617500,4.71607500,4.20877500,4.64497500,846411387.00000000
2021-05-04,4.83622500,4.85100000,4.13655000,4.25572500,1054097922.00000000
2021-05-03,4.72762500,5.00152500,4.67242500,4.83262500,792808760.00000000
2021-05-02,4.91685000,4.98405000,4.61587500,4.72440000,624736590.00000000
2021-05-01,5.18430000,5.18677500,4.77045000,4.91932500,687445886.00000000
2021-04-30,4.55437500,5.18775000,4.46115000,5.18355000,1005745279.00000000
2021-04-29,4.57830000,4.78500000,4.32802500,4.55707500,1121597507.00000000
2021-04-28,4.74855000,5.05192500,4.29105000,4.57432500,1771204834.00000000
2021-04-27,4.31595000,4.85895000,4.20405000,4.74832500,1864779346.00000000
2021-04-26,3.45105000,4.38255000,3.40042500,4.31167500,1541333350.00000000
2021-04-25,3.42990000,3.80895000,3.20385000,3.44617500,1007640087.00000000
2021-04-24,3.79957500,3.97500000,3.40755000,3.42427500,1873195916.00000000
2021-04-23,3.79387500,3.84607500,2.78250000,3.80055000,4404510542.00000000
2021-04-22,4.81200000,4.93470000,3.64597500,3.79687500,2087465796.00000000
2021-04-21,5.05515000,5.32500000,4.67100000,4.81117500,1129748511.00000000
2021-04-20,5.28172500,5.32402500,4.50000000,5.05762500,1863681638.00000000
2021-04-19,5.92440000,6.07500000,5.17552500,5.28172500,1520506200.00000000
2021-04-18,5.86192500,6.66750000,4.65000000,5.92447500,3267097111.00000000
2021-04-17,5.36850000,6.74992500,5.26425000,5.86140000,2737444386.00000000
2021-04-16,5.97082500,6.07050000,4.99402500,5.37150000,2116469743.00000000
2021-04-15,5.59342500,6.37500000,5.42092500,5.97067500,2507496211.00000000
2021-04-14,4.95015000,6.84405000,4.86195000,5.58682500,7347493275.00000000
2021-04-13,4.60042500,5.23500000,4.24807500,4.95315000,1698928166.00000000
2021-04-12,4.30132500,4.61130000,4.12965000,4.60080000,1318841965.00000000
2021-04-11,4.00507500,4.49917500,3.92362500,4.30132500,1269739075.00000000
2021-04-10,4.05150000,4.19745000,3.92992500,4.00267500,694315406.00000000
2021-04-09,4.05082500,4.14172500,3.98182500,4.05045000,517498626.00000000
2021-04-08,3.88147500,4.06755000,3.84135000,4.05262500,608354272.00000000
2021-04-07,4.37760000,4.38750000,3.63967500,3.87720000,1373584858.00000000
2021-04-06,3.99795000,4.72500000,3.88042500,4.37947500,2780088851.00000000
2021-04-05,3.94110000,4.15792500,3.75832500,3.99450000,924728605.00000000
2021-04-04,3.76927500,4.04250000,3.69045000,3.94102500,777384119.00000000
2021-04-03,4.23592500,4.26217500,3.75000000,3.76770000,788143276.00000000
2021-04-02,4.10550000,4.30297500,3.97545000,4.23772500,721640935.00000000
2021-04-01,3.99000000,4.29900000,3.91522500,4.10205000,1041816589.00000000
2021-03-31,4.01482500,4.17495000,3.70762500,3.98722500,1065409485.00000000
2021-03-30,3.90645000,4.05000000,3.85792500,4.01482500,783540195.00000000
2021-03-29,3.68715000,4.01242500,3.59955000,3.90802500,805799428.00000000
2021-03-28,3.66757500,3.79162500,3.58590000,3.68655000,625119810.00000000
2021-03-27,3.71647500,3.91770000,3.51930000,3.66982500,941277504.00000000
2021-03-26,3.31687500,3.74505000,3.31252500,3.72390000,667399422.00000000
2021-03-25,3.32220000,3.51487500,3.11917500,3.32047500,866639973.00000000
2021-03-24,3.58635000,3.82297500,3.12660000,3.32212500,963176902.00000000
2021-03-23,3.62542500,3.74992500,3.34995000,3.58890000,874175608.00000000
2021-03-22,4.12252500,4.15702500,3.57570000,3.62475000,1198100788.00000000
2021-03-21,4.80157500,4.99522500,3.88815000,4.12500000,3048510232.00000000
2021-03-20,3.52560000,4.85992500,3.46620000,4.80030000,2272852706.00000000
2021-03-19,3.43020000,3.81217500,3.30472500,3.52582500,1271985818.00000000
2021-03-18,3.20407500,3.58380000,3.14070000,3.42660000,1331692928.00000000
2021-03-17,3.16837500,3.25890000,3.00000000,3.20355000,739054027.00000000
2021-03-16,3.19335000,3.23580000,2.95807500,3.16380000,860687530.00000000
2021-03-15,3.26250000,3.35902500,3.04515000,3.19575000,859710494.00000000
2021-03-14,3.28605000,3.39000000,3.18300000,3.26265000,614281646.00000000
2021-03-13,3.25447500,3.45000000,3.10087500,3.28605000,1140451614.00000000
2021-03-12,3.45352500,3.45750000,3.12630000,3.25462500,701387326.00000000
2021-03-11,3.38310000,3.56332500,3.29580000,3.44820000,865522784.00000000
2021-03-10,3.50617500,3.66052500,3.31500000,3.37912500,935073320.00000000
2021-03-09,3.34725000,3.51675000,3.28575000,3.50610000,863576891.00000000
2021-03-08,3.40222500,3.47775000,3.25912500,3.34725000,735447144.00000000
2021-03-07,3.40327500,3.47317500,3.30847500,3.39892500,608434095.00000000
2021-03-06,3.62685000,3.65730000,3.25567500,3.40005000,1175511162.00000000
2021-03-05,3.42480000,3.85500000,3.09270000,3.62100000,3092505119.00000000
2021-03-04,3.30517500,3.73785000,3.22507500,3.42247500,2449397053.00000000
2021-03-03,3.06540000,3.36352500,3.00720000,3.30742500,1230127871.00000000
2021-03-02,3.03382500,3.24292500,2.87407500,3.06120000,1585066976.00000000
2021-03-01,2.62905000,3.07500000,2.58420000,3.03375000,2213285554.00000000
2021-02-28,2.96422500,2.97307500,2.31712500,2.62860000,2209096267.00000000
2021-02-27,3.02325000,3.16005000,2.86905000,2.96062500,1282849679.00000000
2021-02-26,3.25612500,3.30000000,2.90977500,3.02340000,2489217385.00000000
2021-02-25,3.94620000,4.04422500,3.18022500,3.24780000,4694229644.00000000
2021-02-24,4.15950000,4.50000000,3.60405000,3.94830000,4025479254.00000000
2021-02-23,4.48972500,4.50240000,2.49750000,4.14877500,7275650180.00000000
2021-02-22,4.21995000,5.24272500,3.63015000,4.49227500,6186019867.00000000
2021-02-21,3.11250000,4.44975000,3.04590000,4.22010000,2546479819.00000000
2021-02-20,3.26985000,3.43657500,3.00000000,3.11250000,1273162248.00000000
2021-02-19,3.20265000,3.50325000,3.08257500,3.27210000,2280365405.00000000
2021-02-18,3.02017500,3.28080000,2.83575000,3.20302500,2254208573.00000000
2021-02-17,2.31495000,3.36600000,2.14942500,3.01500000,5921887043.00000000
2021-02-16,2.29237500,2.45010000,2.17552500,2.31495000,1156814399.00000000
2021-02-15,2.32620000,2.49750000,1.88415000,2.29087500,2162358764.00000000
2021-02-14,2.61517500,2.81175000,2.26837500,2.32605000,1886240768.00000000
2021-02-13,2.33272500,2.85000000,2.16915000,2.61502500,4031578490.00000000
2021-02-12,1.99530000,2.41395000,1.85550000,2.33242500,2500126061.00000000
2021-02-11,1.68540000,2.05500000,1.65832500,1.99245000,2142528637.00000000
2021-02-10,1.64295000,1.88032500,1.47817500,1.68637500,3655409422.00000000
2021-02-09,1.50450000,1.65825000,1.44742500,1.64040000,1733739370.00000000
2021-02-08,1.41300000,1.54605000,1.36372500,1.50450000,1447617472.00000000
2021-02-07,1.48552500,1.56495000,1.31955000,1.41285000,1496048041.00000000
2021-02-06,1.36515000,1.60065000,1.34715000,1.48432500,3623932327.00000000
2021-02-05,1.22340000,1.38742500,1.21650000,1.36627500,1795650470.00000000
2021-02-04,1.30282500,1.30380000,1.19242500,1.22212500,934596444.00000000
2021-02-03,1.24957500,1.32345000,1.22347500,1.30252500,729041194.00000000
2021-02-02,1.20825000,1.32862500,1.20210000,1.24950000,1697455114.00000000
2021-02-01,1.17967500,1.23750000,1.13257500,1.20907500,1282288546.00000000
2021-01-31,1.20285000,1.21380000,1.13527500,1.18162500,893787334.00000000
2021-01-30,1.26945000,1.29840000,1.18500000,1.20375000,897952685.00000000
2021-01-29,1.28287500,1.37857500,1.23750000,1.27020000,1830992796.00000000
2021-01-28,1.17562500,1.40160000,1.14742500,1.28490000,2453008419.00000000
2021-01-27,1.26937500,1.28932500,1.15642500,1.17682500,1745503003.00000000
2021-01-26,1.22422500,1.29967500,1.13010000,1.26952500,2176244864.00000000
2021-01-25,1.33057500,1.37985000,1.22160000,1.22347500,1415099281.00000000
2021-01-24,1.15717500,1.40850000,1.13460000,1.32930000,3016026397.00000000
2021-01-23,1.18575000,1.22760000,1.11292500,1.15875000,1330280246.00000000
2021-01-22,1.11862500,1.26600000,0.96645000,1.18282500,2633490117.00000000
2021-01-21,1.36890000,1.44750000,1.09297500,1.11645000,2386269043.00000000
2021-01-20,1.34085000,1.39072500,1.20660000,1.36875000,2521367934.00000000
2021-01-19,1.52212500,1.59817500,1.33605000,1.34085000,2441217516.00000000
2021-01-18,1.55107500,1.71465000,1.39875000,1.52145000,3160857139.00000000
2021-01-17,1.55752500,1.63807500,1.24965000,1.54897500,6796607049.00000000
2021-01-16,1.85565000,1.93785000,1.47142500,1.55925000,6781804459.00000000
2021-01-15,1.10752500,2.01600000,1.10625000,1.85745000,13862782376.00000000
2021-01-14,0.93907500,1.12552500,0.90607500,1.10850000,4355343683.00000000
2021-01-13,0.77820000,0.98250000,0.72592500,0.94057500,4234617227.00000000
2021-01-12,0.79432500,0.90585000,0.71587500,0.77820000,3650864355.00000000
2021-01-11,0.75922500,0.79882500,0.60000000,0.79387500,3229873731.00000000
2021-01-10,0.84975000,0.99030000,0.69645000,0.75922500,5108548937.00000000
2021-01-09,0.64365000,1.01587500,0.59452500,0.85080000,10103331739.00000000
2021-01-08,0.47685000,0.70447500,0.44250000,0.64357500,6437185136.00000000
2021-01-07,0.45847500,0.49897500,0.44910000,0.47647500,1857829654.00000000
2021-01-06,0.43050000,0.47250000,0.43005000,0.45847500,1781754526.00000000
2021-01-05,0.43455000,0.45000000,0.40237500,0.43042500,1628316364.00000000
2021-01-04,0.42990000,0.46470000,0.38947500,0.43470000,1561484256.00000000
2021-01-03,0.42157500,0.43507500,0.41250000,0.42945000,976336557.00000000
2021-01-02,0.43432500,0.43612500,0.40935000,0.42112500,831633802.00000000
2021-01-01,0.42577500,0.44385000,0.42060000,0.43402500,541105265.00000000
2020-12-31,0.44587500,0.44730000,0.41250000,0.42547500,536673033.00000000
2020-12-30,0.43500000,0.45180000,0.42022500,0.44587500,741709208.00000000
2020-12-29,0.44175000,0.44857500,0.41115000,0.43477500,508001295.00000000
2020-12-28,0.43380000,0.45037500,0.42750000,0.44190000,506410460.00000000
2020-12-27,0.43860000,0.45817500,0.42240000,0.43387500,920883452.00000000
2020-12-26,0.43650000,0.44310000,0.41092500,0.43852500,684170864.00000000
2020-12-25,0.42532500,0.45315000,0.41775000,0.43635000,907723963.00000000
2020-12-24,0.38010000,0.42645000,0.37095000,0.42510000,728601754.00000000
2020-12-23,0.46042500,0.46245000,0.35220000,0.38047500,1027080810.00000000
2020-12-22,0.46200000,0.46642500,0.43545000,0.45990000,505058100.00000000
2020-12-21,0.48472500,0.49650000,0.45000000,0.46230000,614313567.00000000
2020-12-20,0.49560000,0.50970000,0.46762500,0.48517500,681417106.00000000
2020-12-19,0.49200000,0.51750000,0.48735000,0.49575000,1172097935.00000000
2020-12-18,0.48105000,0.49170000,0.47137500,0.49170000,670305495.00000000
2020-12-17,0.48187500,0.50527500,0.46192500,0.48142500,1910891347.00000000
2020-12-16,0.47070000,0.48660000,0.46012500,0.48180000,715512914.00000000
2020-12-15,0.46387500,0.47760000,0.45765000,0.47062500,775446626.00000000
2020-12-14,0.44332500,0.46612500,0.43800000,0.46380000,537887847.00000000
2020-12-13,0.44565000,0.45397500,0.43072500,0.44287500,784291500.00000000
2020-12-12,0.42660000,0.45592500,0.42570000,0.44550000,594341362.00000000
2020-12-11,0.44272500,0.44482500,0.42075000,0.42690000,603996349.00000000
2020-12-10,0.45975000,0.46500000,0.43155000,0.44227500,736923222.00000000
2020-12-09,0.41602500,0.49500000,0.41542500,0.45967500,1853429502.00000000
2020-12-08,0.44542500,0.44955000,0.41017500,0.41595000,419771989.00000000
2020-12-07,0.45232500,0.45277500,0.43770000,0.44505000,426627713.00000000
2020-12-06,0.46342500,0.48022500,0.44512500,0.45202500,939938093.00000000
2020-12-05,0.45022500,0.46432500,0.44257500,0.46305000,269600660.00000000
2020-12-04,0.46830000,0.48967500,0.44377500,0.45067500,895924399.00000000
2020-12-03,0.47505000,0.47902500,0.46500000,0.46830000,361770532.00000000
2020-12-02,0.45442500,0.48517500,0.44542500,0.47550000,814863068.00000000
2020-12-01,0.46552500,0.47782500,0.42082500,0.45442500,919580508.00000000
2020-11-30,0.45000000,0.47100000,0.44325000,0.46552500,646694433.00000000
2020-11-29,0.44137500,0.46237500,0.42915000,0.45015000,625050949.00000000
2020-11-28,0.41797500,0.44767500,0.41355000,0.44107500,618702705.00000000
2020-11-27,0.42082500,0.43500000,0.39592500,0.41820000,572756309.00000000
2020-11-26,0.46972500,0.47977500,0.36750000,0.42090000,2056945813.00000000
2020-11-25,0.47760000,0.52185000,0.44475000,0.47047500,2286684009.00000000
2020-11-24,0.41902500,0.48855000,0.40050000,0.47775000,2828061834.00000000
2020-11-23,0.39285000,0.41940000,0.38347500,0.41895000,1027188047.00000000
2020-11-22,0.40185000,0.40665000,0.36690000,0.39240000,1089801338.00000000
2020-11-21,0.36135000,0.40342500,0.36000000,0.40170000,1000372348.00000000
2020-11-20,0.35265000,0.36750000,0.35152500,0.36127500,487903813.00000000
2020-11-19,0.34755000,0.35400000,0.33705000,0.35205000,430639860.00000000
2020-11-18,0.36082500,0.36367500,0.33000000,0.34785000,818022530.00000000
2020-11-17,0.36457500,0.37275000,0.35190000,0.36120000,1030551532.00000000
2020-11-16,0.36210000,0.37237500,0.35782500,0.36390000,393943886.00000000
2020-11-15,0.36502500,0.36870000,0.35265000,0.36225000,340389113.00000000
2020-11-14,0.38505000,0.38625000,0.35895000,0.36457500,457337204.00000000
2020-11-13,0.37657500,0.39015000,0.37590000,0.38527500,347487861.00000000
2020-11-12,0.38587500,0.40125000,0.37560000,0.37642500,597201465.00000000
2020-11-11,0.38940000,0.39645000,0.38325000,0.38602500,473055234.00000000
2020-11-10,0.36975000,0.39202500,0.36675000,0.38872500,377570255.00000000
2020-11-09,0.38130000,0.38497500,0.35820000,0.36915000,415075648.00000000
2020-11-08,0.34545000,0.38257500,0.34080000,0.38107500,503639890.00000000
2020-11-07,0.37852500,0.39735000,0.28500000,0.34537500,1091098361.00000000
2020-11-06,0.34365000,0.38100000,0.34200000,0.37867500,806581785.00000000
2020-11-05,0.32385000,0.34575000,0.32302500,0.34372500,731324169.00000000
2020-11-04,0.33045000,0.33937500,0.30637500,0.32317500,889821779.00000000
2020-11-03,0.34845000,0.35070000,0.32610000,0.33037500,688002731.00000000
2020-11-02,0.37372500,0.37770000,0.33750000,0.34837500,429762048.00000000
2020-11-01,0.36382500,0.39457500,0.36240000,0.37380000,769687092.00000000
2020-10-31,0.36690000,0.37237500,0.36337500,0.36412500,389853549.00000000
2020-10-30,0.36877500,0.38775000,0.34777500,0.36682500,762392860.00000000
2020-10-29,0.37312500,0.41250000,0.36592500,0.36907500,1174271435.00000000
2020-10-28,0.39540000,0.39735000,0.36832500,0.37312500,821728363.00000000
2020-10-27,0.39367500,0.40582500,0.38535000,0.39555000,1955691856.00000000
2020-10-26,0.40425000,0.40912500,0.38070000,0.39382500,1174402939.00000000
2020-10-25,0.41115000,0.41392500,0.39892500,0.40425000,328139193.00000000
2020-10-24,0.41287500,0.42300000,0.40192500,0.41107500,823548815.00000000
2020-10-23,0.41872500,0.42247500,0.40402500,0.41302500,715376887.00000000
2020-10-22,0.41332500,0.42937500,0.40875000,0.41850000,574827998.00000000
2020-10-21,0.38475000,0.42000000,0.38370000,0.41332500,636013105.00000000
2020-10-20,0.41827500,0.41880000,0.38227500,0.38482500,910699420.00000000
2020-10-19,0.41595000,0.42202500,0.41137500,0.41820000,393667697.00000000
2020-10-18,0.41392500,0.41805000,0.41190000,0.41572500,462005569.00000000
2020-10-17,0.40942500,0.41887500,0.40545000,0.41400000,474522399.00000000
2020-10-16,0.43380000,0.43500000,0.40822500,0.40942500,1060877009.00000000
2020-10-15,0.43357500,0.44850000,0.41737500,0.43350000,1229452263.00000000
2020-10-14,0.45217500,0.45720000,0.42390000,0.43365000,1390763396.00000000
2020-10-13,0.44107500,0.46447500,0.43560000,0.45195000,1549443093.00000000
2020-10-12,0.44580000,0.45277500,0.43005000,0.44122500,541955344.00000000
2020-10-11,0.43245000,0.45180000,0.42787500,0.44587500,858338594.00000000
2020-10-10,0.43500000,0.44565000,0.42945000,0.43267500,890185820.00000000
2020-10-09,0.40950000,0.43942500,0.40267500,0.43500000,1229244806.00000000
2020-10-08,0.40297500,0.41400000,0.38550000,0.40980000,747865957.00000000
2020-10-07,0.39645000,0.40485000,0.38460000,0.40275000,791582739.00000000
2020-10-06,0.41332500,0.41542500,0.39135000,0.39652500,791243943.00000000
2020-10-05,0.41257500,0.42135000,0.40245000,0.41317500,1009413426.00000000
2020-10-04,0.40252500,0.41452500,0.39615000,0.41265000,414224446.00000000
2020-10-03,0.40950000,0.41340000,0.40207500,0.40245000,384169370.00000000
2020-10-02,0.42705000,0.43087500,0.38947500,0.40920000,906423559.00000000
2020-10-01,0.44460000,0.45480000,0.41437500,0.42720000,1350171987.00000000
2020-09-30,0.44715000,0.44850000,0.43335000,0.44422500,723576760.00000000
2020-09-29,0.44400000,0.45675000,0.43072500,0.44730000,1503777331.00000000
2020-09-28,0.43635000,0.45892500,0.43515000,0.44452500,1492487994.00000000
2020-09-27,0.43740000,0.44767500,0.42097500,0.43612500,810372469.00000000
2020-09-26,0.43830000,0.44467500,0.42360000,0.43725000,952130716.00000000
2020-09-25,0.43440000,0.44497500,0.41970000,0.43815000,1142924784.00000000
2020-09-24,0.39697500,0.44452500,0.39172500,0.43462500,1878598914.00000000
2020-09-23,0.41287500,0.43447500,0.38062500,0.39705000,2116140043.00000000
2020-09-22,0.40702500,0.42832500,0.39652500,0.41325000,1349449837.00000000
2020-09-21,0.46350000,0.48082500,0.38602500,0.40657500,2445752977.00000000
2020-09-20,0.47602500,0.48630000,0.45690000,0.46350000,1937844341.00000000
2020-09-19,0.48937500,0.49170000,0.46845000,0.47602500,1384558892.00000000
2020-09-18,0.48307500,0.50895000,0.46642500,0.48937500,2177431924.00000000
2020-09-17,0.50137500,0.51382500,0.47490000,0.48300000,2081269961.00000000
2020-09-16,0.47347500,0.51375000,0.44565000,0.50167500,3641973839.00000000
2020-09-15,0.50715000,0.53475000,0.46530000,0.47347500,3962448878.00000000
2020-09-14,0.55282500,0.55987500,0.49845000,0.50737500,4048256295.00000000
2020-09-13,0.62782500,0.67950000,0.52942500,0.55290000,5652440572.00000000
2020-09-12,0.56340000,0.64215000,0.55402500,0.62790000,3603001917.00000000
2020-09-11,0.57975000,0.58987500,0.51622500,0.56355000,4491882582.00000000
2020-09-10,0.46852500,0.58725000,0.46327500,0.57982500,3028057281.00000000
2020-09-09,0.49515000,0.50557500,0.46530000,0.46875000,1818353626.00000000
2020-09-08,0.44730000,0.51855000,0.43687500,0.49530000,5805425994.00000000
2020-09-07,0.38040000,0.44745000,0.37095000,0.44722500,3003317499.00000000
2020-09-06,0.36217500,0.38715000,0.33637500,0.38047500,1743054869.00000000
2020-09-05,0.40987500,0.42232500,0.34237500,0.36247500,1956729732.00000000
2020-09-04,0.37965000,0.42315000,0.36367500,0.40987500,2236728937.00000000
2020-09-03,0.49972500,0.50670000,0.35280000,0.37995000,2262937078.00000000
2020-09-02,0.53212500,0.53835000,0.46875000,0.49957500,1716774966.00000000
2020-09-01,0.53317500,0.57802500,0.52200000,0.53205000,3130351325.00000000
2020-08-31,0.51592500,0.55222500,0.51540000,0.53332500,1844621609.00000000
2020-08-30,0.50145000,0.51847500,0.50130000,0.51615000,1232842722.00000000
2020-08-29,0.48292500,0.50940000,0.47977500,0.50227500,901492234.00000000
2020-08-28,0.48202500,0.49642500,0.47190000,0.48292500,761728433.00000000
2020-08-27,0.51127500,0.51690000,0.45937500,0.48210000,1310202953.00000000
2020-08-26,0.51450000,0.52357500,0.49702500,0.51127500,1442957187.00000000
2020-08-25,0.56370000,0.56925000,0.49695000,0.51450000,1631449200.00000000
2020-08-24,0.54300000,0.57367500,0.53070000,0.56362500,1060775063.00000000
2020-08-23,0.55237500,0.55965000,0.52620000,0.54315000,966401909.00000000
2020-08-22,0.54577500,0.55770000,0.51727500,0.55245000,1356351153.00000000
2020-08-21,0.56647500,0.61147500,0.53542500,0.54585000,3292256354.00000000
2020-08-20,0.51262500,0.56887500,0.50625000,0.56655000,1674164492.00000000
2020-08-19,0.54217500,0.56047500,0.49320000,0.51240000,1881449015.00000000
2020-08-18,0.55702500,0.59130000,0.53055000,0.54255000,1735029786.00000000
2020-08-17,0.52777500,0.58395000,0.52215000,0.55740000,2319619483.00000000
2020-08-16,0.53010000,0.53775000,0.50550000,0.52755000,1601662931.00000000
2020-08-15,0.50415000,0.55342500,0.48990000,0.52995000,2471982122.00000000
2020-08-14,0.47272500,0.51165000,0.46800000,0.50422500,1775733627.00000000
2020-08-13,0.47970000,0.48690000,0.44497500,0.47257500,1617307735.00000000
2020-08-12,0.46020000,0.48165000,0.43545000,0.47970000,1399552303.00000000
2020-08-11,0.49237500,0.49387500,0.43305000,0.46042500,1766865515.00000000
2020-08-10,0.45990000,0.51112500,0.44880000,0.49245000,3234644644.00000000
2020-08-09,0.45862500,0.46470000,0.44130000,0.45990000,1031669646.00000000
2020-08-08,0.43927500,0.46620000,0.43687500,0.45855000,1481039662.00000000
2020-08-07,0.42195000,0.46117500,0.42082500,0.43897500,2240443275.00000000
2020-08-06,0.41940000,0.44160000,0.41257500,0.42187500,1219592321.00000000
2020-08-05,0.41940000,0.42330000,0.41272500,0.41970000,825617780.00000000
2020-08-04,0.41295000,0.42562500,0.41145000,0.41917500,870683733.00000000
2020-08-03,0.40627500,0.43065000,0.40185000,0.41317500,1420484534.00000000
2020-08-02,0.45232500,0.45532500,0.35272500,0.40605000,2257749739.00000000
2020-08-01,0.43957500,0.45457500,0.43612500,0.45240000,955650921.00000000
2020-07-31,0.43132500,0.45037500,0.43027500,0.43965000,864777613.00000000
2020-07-30,0.42750000,0.44205000,0.42375000,0.43117500,833806193.00000000
2020-07-29,0.43717500,0.44452500,0.42615000,0.42750000,847058701.00000000
2020-07-28,0.41587500,0.44917500,0.40770000,0.43695000,1862170877.00000000
2020-07-27,0.44857500,0.45067500,0.38557500,0.41587500,1920688443.00000000
2020-07-26,0.45637500,0.46395000,0.44452500,0.44850000,574326512.00000000
2020-07-25,0.44850000,0.46582500,0.44812500,0.45630000,579237571.00000000
2020-07-24,0.46732500,0.46747500,0.44700000,0.44842500,422505221.00000000
2020-07-23,0.47160000,0.47730000,0.46020000,0.46717500,886129861.00000000
2020-07-22,0.45525000,0.48292500,0.44910000,0.47160000,1381778765.00000000
2020-07-21,0.44460000,0.45787500,0.43740000,0.45517500,633319855.00000000
2020-07-20,0.45277500,0.47235000,0.44272500,0.44505000,1224660818.00000000
2020-07-19,0.43987500,0.45292500,0.43657500,0.45292500,455688353.00000000
2020-07-18,0.44617500,0.45480000,0.43942500,0.44032500,643579110.00000000
2020-07-17,0.43807500,0.45187500,0.43005000,0.44587500,476460598.00000000
2020-07-16,0.45202500,0.45232500,0.42180000,0.43807500,855944475.00000000
2020-07-15,0.46162500,0.46380000,0.44775000,0.45210000,492609611.00000000
2020-07-14,0.45082500,0.47625000,0.42855000,0.46230000,1497875634.00000000
2020-07-13,0.47767500,0.49005000,0.44220000,0.45112500,1016272464.00000000
2020-07-12,0.48390000,0.49320000,0.46800000,0.47760000,570190995.00000000
2020-07-11,0.48142500,0.49792500,0.47317500,0.48375000,981402602.00000000
2020-07-10,0.48135000,0.48630000,0.46425000,0.48142500,1078355030.00000000
2020-07-09,0.49770000,0.51697500,0.46282500,0.48112500,1783606404.00000000
2020-07-08,0.48607500,0.50850000,0.47287500,0.49680000,2150136839.00000000
2020-07-07,0.48082500,0.49867500,0.47347500,0.48622500,1595039738.00000000
2020-07-06,0.51487500,0.52837500,0.47295000,0.48067500,3306170265.00000000
2020-07-05,0.42037500,0.52477500,0.41355000,0.51495000,4601645693.00000000
2020-07-04,0.41145000,0.42427500,0.40717500,0.42007500,838262166.00000000
2020-07-03,0.40815000,0.42495000,0.40380000,0.41160000,852057855.00000000
2020-07-02,0.42525000,0.43747500,0.39750000,0.40822500,1351929852.00000000
2020-07-01,0.41415000,0.43410000,0.40882500,0.42525000,816359706.00000000
2020-06-30,0.42105000,0.42382500,0.40417500,0.41385000,716411473.00000000
2020-06-29,0.42195000,0.42937500,0.41152500,0.42097500,1249411590.00000000
2020-06-28,0.41415000,0.43342500,0.40635000,0.42187500,976347440.00000000
2020-06-27,0.45915000,0.46650000,0.39577500,0.41415000,1367708144.00000000
2020-06-26,0.46057500,0.47527500,0.44677500,0.45915000,1341929683.00000000
2020-06-25,0.47625000,0.47865000,0.44542500,0.46117500,1126680527.00000000
2020-06-24,0.49095000,0.50760000,0.46147500,0.47640000,1815721165.00000000
2020-06-23,0.50760000,0.54000000,0.48352500,0.49087500,1957989023.00000000
2020-06-22,0.44775000,0.51555000,0.44692500,0.50752500,2605341129.00000000
2020-06-21,0.45480000,0.46207500,0.44175000,0.44775000,904342584.00000000
2020-06-20,0.44032500,0.45502500,0.42862500,0.45480000,731247744.00000000
2020-06-19,0.42855000,0.45390000,0.41805000,0.44025000,1640128111.00000000
2020-06-18,0.42870000,0.44812500,0.42105000,0.42832500,1464027784.00000000
2020-06-17,0.44332500,0.44370000,0.40950000,0.42862500,1212186560.00000000
2020-06-16,0.41437500,0.44550000,0.40500000,0.44332500,1206014997.00000000
2020-06-15,0.42052500,0.42067500,0.38137500,0.41400000,1502100300.00000000
2020-06-14,0.45465000,0.45487500,0.41542500,0.42052500,1269808451.00000000
2020-06-13,0.42300000,0.46462500,0.41212500,0.45427500,1513654388.00000000
2020-06-12,0.38152500,0.43125000,0.37515000,0.42300000,1125300629.00000000
2020-06-11,0.42435000,0.44467500,0.37582500,0.38137500,1385164589.00000000
2020-06-10,0.40755000,0.42810000,0.40650000,0.42435000,848032091.00000000
2020-06-09,0.39495000,0.41235000,0.38497500,0.40732500,1039758523.00000000
2020-06-08,0.38745000,0.40207500,0.38235000,0.39502500,595432364.00000000
2020-06-07,0.40027500,0.40207500,0.37020000,0.38737500,704805051.00000000
2020-06-06,0.38565000,0.40732500,0.37957500,0.39952500,1111952669.00000000
2020-06-05,0.37132500,0.39900000,0.36585000,0.38595000,1373269047.00000000
2020-06-04,0.37575000,0.38212500,0.35497500,0.37140000,676414514.00000000
2020-06-03,0.36757500,0.37875000,0.35572500,0.37575000,804884740.00000000
2020-06-02,0.38212500,0.39585000,0.34072500,0.36742500,1218953712.00000000
2020-06-01,0.35362500,0.39675000,0.35145000,0.38197500,1390358747.00000000
2020-05-31,0.35647500,0.37110000,0.34012500,0.35325000,1158732013.00000000
2020-05-30,0.33765000,0.36435000,0.33270000,0.35640000,1043306133.00000000
2020-05-29,0.34215000,0.34567500,0.32662500,0.33742500,858375249.00000000
2020-05-28,0.33075000,0.35100000,0.32115000,0.34185000,1379333516.00000000
2020-05-27,0.33442500,0.33862500,0.31965000,0.33075000,1298336545.00000000
2020-05-26,0.34522500,0.36720000,0.32700000,0.33442500,1948877178.00000000
2020-05-25,0.28297500,0.35235000,0.28132500,0.34485000,2800627739.00000000
2020-05-24,0.29535000,0.31050000,0.28297500,0.28297500,845269748.00000000
2020-05-23,0.31275000,0.31875000,0.29085000,0.29542500,857115179.00000000
2020-05-22,0.26745000,0.32542500,0.26317500,0.31275000,1775280095.00000000
2020-05-21,0.26850000,0.28807500,0.25185000,0.26745000,1179543074.00000000
2020-05-20,0.26917500,0.27772500,0.26250000,0.26850000,549725781.00000000
2020-05-19,0.27307500,0.27330000,0.26460000,0.26925000,347485414.00000000
2020-05-18,0.26287500,0.27585000,0.26197500,0.27292500,386122478.00000000
2020-05-17,0.26227500,0.27180000,0.26077500,0.26265000,294634732.00000000
2020-05-16,0.26040000,0.26715000,0.25852500,0.26212500,341684049.00000000
2020-05-15,0.26617500,0.26970000,0.25590000,0.26040000,538014084.00000000
2020-05-14,0.26557500,0.27127500,0.26047500,0.26625000,795529377.00000000
2020-05-13,0.25485000,0.26977500,0.25447500,0.26580000,424829579.00000000
2020-05-12,0.24532500,0.25987500,0.24472500,0.25470000,415357970.00000000
2020-05-11,0.25155000,0.25672500,0.23160000,0.24510000,725828857.00000000
2020-05-10,0.28005000,0.28012500,0.21922500,0.25140000,1250865989.00000000
2020-05-09,0.28717500,0.29640000,0.27735000,0.28005000,517095457.00000000
2020-05-08,0.27750000,0.29242500,0.27307500,0.28732500,535165420.00000000
2020-05-07,0.26782500,0.28020000,0.26497500,0.27742500,602769928.00000000
2020-05-06,0.27735000,0.28837500,0.24727500,0.26775000,749365581.00000000
2020-05-05,0.28162500,0.28560000,0.26962500,0.27742500,670643278.00000000
2020-05-04,0.28530000,0.28590000,0.26452500,0.28155000,679270689.00000000
2020-05-03,0.29497500,0.30217500,0.27847500,0.28530000,524721525.00000000
2020-05-02,0.28462500,0.29700000,0.28260000,0.29497500,412069942.00000000
2020-05-01,0.27457500,0.29497500,0.27435000,0.28432500,547591495.00000000
2020-04-30,0.29445000,0.30202500,0.26970000,0.27450000,956571315.00000000
2020-04-29,0.26400000,0.29985000,0.26355000,0.29415000,1334407354.00000000
2020-04-28,0.26520000,0.26865000,0.25755000,0.26400000,431036670.00000000
2020-04-27,0.26835000,0.27180000,0.25365000,0.26535000,461248348.00000000
2020-04-26,0.26437500,0.27555000,0.26025000,0.26827500,517716345.00000000
2020-04-25,0.26917500,0.27292500,0.26010000,0.26452500,615918158.00000000
2020-04-24,0.25020000,0.27945000,0.24502500,0.26902500,1293475542.00000000
2020-04-23,0.23865000,0.25680000,0.23167500,0.25020000,532048200.00000000
2020-04-22,0.22830000,0.24000000,0.22680000,0.23835000,256756229.00000000
2020-04-21,0.22875000,0.23280000,0.22290000,0.22830000,418855732.00000000
2020-04-20,0.24547500,0.25177500,0.22590000,0.22890000,579327625.00000000
2020-04-19,0.25537500,0.25672500,0.24367500,0.24577500,269986910.00000000
2020-04-18,0.24442500,0.25987500,0.24435000,0.25537500,520648400.00000000
2020-04-17,0.24622500,0.24907500,0.24277500,0.24450000,395374417.00000000
2020-04-16,0.22657500,0.24915000,0.21922500,0.24592500,782551767.00000000
2020-04-15,0.23700000,0.24105000,0.22635000,0.22657500,317226046.00000000
2020-04-14,0.23790000,0.24172500,0.23250000,0.23722500,385077311.00000000
2020-04-13,0.23737500,0.24030000,0.22702500,0.23790000,524477400.00000000
2020-04-12,0.23632500,0.24765000,0.23182500,0.23767500,399290272.00000000
2020-04-11,0.23767500,0.24300000,0.22995000,0.23625000,387183915.00000000
2020-04-10,0.26182500,0.26370000,0.23242500,0.23767500,816915023.00000000
2020-04-09,0.26782500,0.27285000,0.25597500,0.26182500,355281234.00000000
2020-04-08,0.25470000,0.26797500,0.25252500,0.26782500,417743381.00000000
2020-04-07,0.26190000,0.27375000,0.24975000,0.25462500,763082821.00000000
2020-04-06,0.23677500,0.26512500,0.23677500,0.26175000,596000296.00000000
2020-04-05,0.24307500,0.24592500,0.23482500,0.23677500,317495594.00000000
2020-04-04,0.23745000,0.24720000,0.23692500,0.24307500,455017399.00000000
2020-04-03,0.23400000,0.24570000,0.23085000,0.23767500,537770585.00000000
2020-04-02,0.22777500,0.25117500,0.22777500,0.23415000,790866850.00000000
2020-04-01,0.22762500,0.22875000,0.21615000,0.22770000,495043173.00000000
2020-03-31,0.21937500,0.23512500,0.21937500,0.22755000,465845462.00000000
2020-03-30,0.20572500,0.22695000,0.20527500,0.21937500,437076829.00000000
2020-03-29,0.22177500,0.22335000,0.20565000,0.20572500,408605419.00000000
2020-03-28,0.22260000,0.22740000,0.20955000,0.22185000,608595993.00000000
2020-03-27,0.23692500,0.24742500,0.22185000,0.22275000,493685479.00000000
2020-03-26,0.23535000,0.24225000,0.23032500,0.23707500,388120831.00000000
2020-03-25,0.25102500,0.25170000,0.22785000,0.23527500,615141104.00000000
2020-03-24,0.24442500,0.25260000,0.23257500,0.25095000,738027723.00000000
2020-03-23,0.22185000,0.24765000,0.21615000,0.24435000,1007005362.00000000
2020-03-22,0.25755000,0.27097500,0.21945000,0.22192500,1241558975.00000000
2020-03-21,0.23602500,0.28785000,0.23077500,0.25747500,2025877241.00000000
2020-03-20,0.21352500,0.28395000,0.21000000,0.23595000,2095337398.00000000
2020-03-19,0.18892500,0.22410000,0.18645000,0.21352500,790266305.00000000
2020-03-18,0.18870000,0.19035000,0.17385000,0.18825000,596611532.00000000
2020-03-17,0.18150000,0.19650000,0.17812500,0.18862500,744024490.00000000
2020-03-16,0.20692500,0.20692500,0.15930000,0.18127500,1556801108.00000000
2020-03-15,0.19500000,0.22005000,0.19282500,0.20707500,1315535600.00000000
2020-03-14,0.19222500,0.20452500,0.17887500,0.19492500,1032963663.00000000
2020-03-13,0.17190000,0.21075000,0.10222500,0.19215000,2474756587.00000000
2020-03-12,0.33337500,0.33607500,0.15930000,0.17197500,2014697037.00000000
2020-03-11,0.34192500,0.34815000,0.31620000,0.33330000,534254010.00000000
2020-03-10,0.33735000,0.34792500,0.32932500,0.34215000,748767658.00000000
2020-03-09,0.34612500,0.35205000,0.30892500,0.33735000,1398009600.00000000
2020-03-08,0.40357500,0.40357500,0.34327500,0.34612500,845114675.00000000
2020-03-07,0.42825000,0.43882500,0.40080000,0.40395000,478241319.00000000
2020-03-06,0.41062500,0.42825000,0.40635000,0.42825000,350352470.00000000
2020-03-05,0.41047500,0.42315000,0.40822500,0.41047500,457985429.00000000
2020-03-04,0.38925000,0.41700000,0.38775000,0.41032500,681991545.00000000
2020-03-03,0.39645000,0.39675000,0.38002500,0.38895000,481315087.00000000
2020-03-02,0.37837500,0.40507500,0.37717500,0.39622500,339813567.00000000
2020-03-01,0.38332500,0.40110000,0.36975000,0.37867500,543384755.00000000
2020-02-29,0.39390000,0.39885000,0.38340000,0.38362500,396365064.00000000
2020-02-28,0.39232500,0.40552500,0.36690000,0.39382500,713512088.00000000
2020-02-27,0.37875000,0.40650000,0.35820000,0.39225000,802832507.00000000
2020-02-26,0.41962500,0.42307500,0.36097500,0.37875000,1074546121.00000000
2020-02-25,0.46230000,0.46335000,0.41250000,0.41962500,753855028.00000000
2020-02-24,0.48232500,0.48472500,0.44887500,0.46237500,461764976.00000000
2020-02-23,0.46672500,0.48720000,0.46612500,0.48240000,364748687.00000000
2020-02-22,0.47587500,0.47947500,0.45840000,0.46665000,402833666.00000000
2020-02-21,0.46440000,0.48675000,0.46230000,0.47602500,642875153.00000000
2020-02-20,0.46500000,0.47797500,0.44565000,0.46417500,857070140.00000000
2020-02-19,0.50880000,0.51150000,0.46042500,0.46537500,482790422.00000000
2020-02-18,0.48997500,0.51510000,0.47085000,0.50887500,706866728.00000000
2020-02-17,0.50085000,0.50617500,0.45367500,0.48990000,1400608266.00000000
2020-02-16,0.55320000,0.58065000,0.45795000,0.50115000,1366685964.00000000
2020-02-15,0.62587500,0.63037500,0.54225000,0.55365000,751033004.00000000
2020-02-14,0.58372500,0.62917500,0.57780000,0.62572500,451981542.00000000
2020-02-13,0.59617500,0.61785000,0.56040000,0.58335000,1045263195.00000000
2020-02-12,0.56955000,0.60945000,0.56955000,0.59595000,859711711.00000000
2020-02-11,0.56047500,0.57157500,0.53437500,0.56955000,711440807.00000000
2020-02-10,0.56985000,0.57255000,0.52702500,0.56040000,735158112.00000000
2020-02-09,0.53077500,0.57052500,0.52762500,0.56985000,661803182.00000000
2020-02-08,0.54712500,0.55612500,0.50580000,0.53077500,582488938.00000000
2020-02-07,0.53332500,0.56370000,0.52027500,0.54742500,500877392.00000000
2020-02-06,0.50047500,0.54420000,0.49290000,0.53347500,469674675.00000000
2020-02-05,0.49860000,0.50880000,0.48225000,0.50107500,436294660.00000000
2020-02-04,0.45960000,0.49957500,0.44460000,0.49920000,462654758.00000000
2020-02-03,0.45675000,0.47130000,0.44235000,0.45960000,390265271.00000000
2020-02-02,0.44407500,0.47227500,0.43770000,0.45675000,560317377.00000000
2020-02-01,0.42577500,0.46177500,0.42142500,0.44415000,477660965.00000000
2020-01-31,0.42007500,0.44122500,0.40732500,0.42555000,465554217.00000000
2020-01-30,0.42045000,0.42435000,0.41107500,0.41992500,435339537.00000000
2020-01-29,0.42622500,0.43312500,0.41805000,0.42052500,346115247.00000000
2020-01-28,0.40770000,0.42937500,0.40770000,0.42607500,403904279.00000000
2020-01-27,0.40417500,0.41385000,0.39592500,0.40710000,308196469.00000000
2020-01-26,0.38962500,0.40425000,0.38670000,0.40380000,143967172.00000000
2020-01-25,0.38932500,0.40020000,0.37837500,0.38985000,168977040.00000000
2020-01-24,0.39420000,0.39720000,0.37627500,0.38970000,193130891.00000000
2020-01-23,0.40950000,0.41040000,0.38415000,0.39435000,194745829.00000000
2020-01-22,0.40567500,0.41220000,0.40012500,0.40965000,123072681.00000000
2020-01-21,0.40260000,0.41175000,0.39712500,0.40567500,248454489.00000000
2020-01-20,0.41100000,0.41235000,0.39097500,0.40222500,243746153.00000000
2020-01-19,0.43837500,0.44835000,0.39427500,0.41122500,470734791.00000000
2020-01-18,0.45937500,0.46830000,0.43207500,0.43867500,429290624.00000000
2020-01-17,0.44100000,0.46260000,0.43110000,0.45937500,614768277.00000000
2020-01-16,0.43612500,0.44310000,0.40852500,0.44130000,409771580.00000000
2020-01-15,0.43177500,0.46080000,0.41700000,0.43612500,690934801.00000000
2020-01-14,0.38325000,0.43575000,0.38295000,0.43185000,899094220.00000000
2020-01-13,0.40222500,0.40275000,0.38077500,0.38310000,272392808.00000000
2020-01-12,0.37357500,0.41002500,0.36900000,0.40207500,519147405.00000000
2020-01-11,0.38175000,0.38782500,0.36765000,0.37372500,295201665.00000000
2020-01-10,0.35730000,0.38992500,0.35632500,0.38212500,557631659.00000000
2020-01-09,0.35370000,0.36712500,0.35040000,0.35745000,269740717.00000000
2020-01-08,0.37192500,0.38092500,0.34845000,0.35370000,489254660.00000000
2020-01-07,0.38415000,0.39000000,0.36592500,0.37200000,352191391.00000000
2020-01-06,0.36847500,0.38737500,0.36727500,0.38400000,323220139.00000000
2020-01-05,0.36532500,0.37755000,0.36247500,0.36870000,307209613.00000000
2020-01-04,0.36120000,0.36960000,0.35715000,0.36517500,190749278.00000000
2020-01-03,0.34530000,0.37282500,0.33990000,0.36142500,339017029.00000000
2020-01-02,0.36142500,0.36795000,0.34065000,0.34537500,363859470.00000000
2020-01-01,0.35047500,0.36937500,0.34867500,0.36127500,247755371.00000000
2019-12-31,0.36292500,0.36705000,0.34365000,0.35070000,306244376.00000000
2019-12-30,0.37905000,0.38295000,0.35932500,0.36307500,277293979.00000000
2019-12-29,0.38167500,0.38805000,0.37755000,0.37927500,238103710.00000000
2019-12-28,0.37635000,0.39000000,0.37515000,0.38190000,223432950.00000000
2019-12-27,0.38002500,0.38580000,0.36742500,0.37665000,234730829.00000000
2019-12-26,0.37725000,0.39472500,0.37207500,0.38010000,401772983.00000000
2019-12-25,0.38880000,0.38917500,0.37140000,0.37702500,276464417.00000000
2019-12-24,0.38700000,0.39547500,0.37912500,0.38917500,370975416.00000000
2019-12-23,0.40815000,0.41242500,0.38190000,0.38647500,521259029.00000000
2019-12-22,0.39892500,0.41490000,0.39180000,0.40747500,658204405.00000000
2019-12-21,0.42247500,0.43005000,0.39300000,0.39900000,866973177.00000000
2019-12-20,0.38122500,0.43597500,0.36952500,0.42255000,1119192152.00000000
2019-12-19,0.38775000,0.39427500,0.36390000,0.38122500,279269152.00000000
2019-12-18,0.34545000,0.39352500,0.33870000,0.38760000,454108570.00000000
2019-12-17,0.36690000,0.36772500,0.34102500,0.34492500,294142620.00000000
2019-12-16,0.39030000,0.39112500,0.36007500,0.36705000,186516028.00000000
2019-12-15,0.38632500,0.40117500,0.37845000,0.39000000,142254005.00000000
2019-12-14,0.40215000,0.41190000,0.37725000,0.38655000,202406446.00000000
2019-12-13,0.38362500,0.41167500,0.38317500,0.40200000,281185026.00000000
2019-12-12,0.38685000,0.39210000,0.37147500,0.38317500,377265723.00000000
2019-12-11,0.39892500,0.40297500,0.38242500,0.38662500,304441918.00000000
2019-12-10,0.44242500,0.44580000,0.38325000,0.39877500,922000452.00000000
2019-12-09,0.44490000,0.46710000,0.43807500,0.44175000,548494763.00000000
2019-12-08,0.45540000,0.45840000,0.43357500,0.44490000,559642727.00000000
2019-12-07,0.44662500,0.46935000,0.44400000,0.45577500,525893347.00000000
2019-12-06,0.43785000,0.45255000,0.41925000,0.44655000,530266535.00000000
2019-12-05,0.41947500,0.44655000,0.40320000,0.43777500,646174906.00000000
2019-12-04,0.43875000,0.45750000,0.41212500,0.42045000,737249956.00000000
2019-12-03,0.44880000,0.46672500,0.43500000,0.43875000,768188289.00000000
2019-12-02,0.40650000,0.47130000,0.39240000,0.44842500,964191950.00000000
2019-12-01,0.39337500,0.42322500,0.37410000,0.40650000,894002441.00000000
2019-11-30,0.41820000,0.42330000,0.38587500,0.39367500,443682292.00000000
2019-11-29,0.41047500,0.42345000,0.40830000,0.41827500,312290394.00000000
2019-11-28,0.40177500,0.42637500,0.39982500,0.41062500,612440164.00000000
2019-11-27,0.36472500,0.41250000,0.35550000,0.40222500,804774073.00000000
2019-11-26,0.35917500,0.37455000,0.35325000,0.36420000,346001057.00000000
2019-11-25,0.33772500,0.37755000,0.31342500,0.35992500,967088639.00000000
2019-11-24,0.37980000,0.38340000,0.33487500,0.33742500,683327575.00000000
2019-11-23,0.35820000,0.38625000,0.34350000,0.37950000,907267970.00000000
2019-11-22,0.41182500,0.41610000,0.32700000,0.35872500,852270550.00000000
2019-11-21,0.45502500,0.45675000,0.39660000,0.41235000,561241892.00000000
2019-11-20,0.47797500,0.48120000,0.44557500,0.45510000,481001197.00000000
2019-11-19,0.45540000,0.48427500,0.43747500,0.47805000,894237742.00000000
2019-11-18,0.48562500,0.49822500,0.45052500,0.45570000,587266608.00000000
2019-11-17,0.49597500,0.51120000,0.48292500,0.48562500,392779004.00000000
2019-11-16,0.48952500,0.49972500,0.48330000,0.49590000,352993088.00000000
2019-11-15,0.48000000,0.51000000,0.46642500,0.48967500,612010921.00000000
2019-11-14,0.48975000,0.49297500,0.46552500,0.48000000,317770524.00000000
2019-11-13,0.48202500,0.50130000,0.47385000,0.48922500,460970889.00000000
2019-11-12,0.46590000,0.49762500,0.46312500,0.48195000,740465215.00000000
2019-11-11,0.46185000,0.47332500,0.44130000,0.46597500,530650903.00000000
2019-11-10,0.44985000,0.46635000,0.44362500,0.46147500,499784013.00000000
2019-11-09,0.44760000,0.45937500,0.44257500,0.45007500,369491651.00000000
2019-11-08,0.48892500,0.49245000,0.43387500,0.44752500,1121372577.00000000
2019-11-07,0.52297500,0.52297500,0.47025000,0.48877500,4932778789.00000000
2019-11-06,0.52320000,0.52642500,0.50685000,0.52305000,647732381.00000000
2019-11-05,0.50400000,0.54000000,0.49125000,0.52320000,986657891.00000000
2019-11-04,0.50422500,0.51645000,0.48457500,0.50400000,654564574.00000000
2019-11-03,0.52117500,0.53175000,0.49537500,0.50422500,597798933.00000000
2019-11-02,0.52605000,0.53797500,0.51000000,0.52125000,808900041.00000000
2019-11-01,0.53835000,0.54765000,0.49912500,0.52590000,1594239119.00000000
2019-10-31,0.49387500,0.56250000,0.45082500,0.53827500,1909573881.00000000
2019-10-30,0.42307500,0.58830000,0.40470000,0.49327500,3234425769.00000000
2019-10-29,0.40395000,0.43327500,0.38647500,0.42307500,776426840.00000000
2019-10-28,0.45405000,0.50085000,0.39690000,0.40402500,588540171.00000000
2019-10-27,0.33270000,0.57945000,0.32880000,0.45405000,807077645.00000000
2019-10-26,0.34027500,0.35700000,0.32115000,0.33277500,292862789.00000000
2019-10-25,0.29602500,0.34035000,0.29265000,0.33975000,259213308.00000000
2019-10-24,0.29715000,0.30037500,0.29122500,0.29655000,165323637.00000000
2019-10-23,0.31995000,0.32182500,0.28230000,0.29752500,265724379.00000000
2019-10-22,0.32872500,0.33090000,0.31762500,0.32010000,77736928.00000000
2019-10-21,0.33075000,0.33330000,0.32580000,0.32895000,78541170.00000000
2019-10-20,0.32115000,0.33247500,0.31732500,0.33090000,108324103.00000000
2019-10-19,0.32715000,0.33225000,0.31972500,0.32130000,157970522.00000000
2019-10-18,0.34260000,0.34455000,0.31935000,0.32722500,154381260.00000000
2019-10-17,0.33112500,0.34650000,0.32145000,0.34282500,172310324.00000000
2019-10-16,0.35100000,0.35460000,0.31590000,0.33112500,194123213.00000000
2019-10-15,0.36982500,0.37087500,0.34867500,0.35085000,142430257.00000000
2019-10-14,0.36697500,0.37155000,0.36360000,0.36967500,101740935.00000000
2019-10-13,0.37402500,0.37800000,0.35662500,0.36787500,136629377.00000000
2019-10-12,0.36195000,0.38017500,0.36165000,0.37440000,126066914.00000000
2019-10-11,0.37132500,0.37567500,0.35445000,0.36165000,370054936.00000000
2019-10-10,0.38445000,0.39870000,0.36015000,0.37132500,173031212.00000000
2019-10-09,0.38107500,0.40042500,0.37755000,0.38520000,170729632.00000000
2019-10-08,0.39382500,0.40200000,0.36360000,0.38122500,295079170.00000000
2019-10-07,0.38332500,0.40192500,0.37500000,0.39457500,132624601.00000000
2019-10-06,0.40065000,0.40800000,0.37995000,0.38302500,123749937.00000000
2019-10-05,0.40245000,0.41392500,0.38580000,0.40042500,140179838.00000000
2019-10-04,0.38407500,0.42420000,0.37237500,0.40267500,209846857.00000000
2019-10-03,0.35160000,0.40312500,0.33945000,0.38415000,247031930.00000000
2019-10-02,0.34867500,0.35850000,0.34335000,0.35190000,102704170.00000000
2019-10-01,0.35820000,0.36682500,0.34777500,0.34822500,55210248.00000000
2019-09-30,0.35152500,0.35857500,0.33292500,0.35820000,85409621.00000000
2019-09-29,0.35595000,0.36000000,0.34035000,0.35130000,169005114.00000000
2019-09-28,0.35737500,0.36517500,0.35100000,0.35602500,82576144.00000000
2019-09-27,0.35122500,0.36285000,0.33817500,0.35722500,143270440.00000000
2019-09-26,0.35490000,0.37792500,0.32040000,0.35062500,154456497.00000000
2019-09-25,0.34350000,0.36112500,0.32865000,0.35497500,168041621.00000000
2019-09-24,0.45915000,0.47242500,0.30247500,0.34342500,254959434.00000000
2019-09-23,0.48420000,0.48675000,0.44625000,0.45885000,100603429.00000000
2019-09-22,0.52027500,0.52057500,0.47002500,0.48427500,75498492.00000000
2019-09-21,0.53437500,0.53437500,0.51667500,0.52020000,21067845.00000000
2019-09-20,0.53670000,0.53940000,0.52455000,0.53505000,21597640.00000000
2019-09-19,0.55545000,0.55545000,0.51000000,0.53692500,70433229.00000000
2019-09-18,0.53085000,0.56475000,0.52852500,0.55560000,97974720.00000000
2019-09-17,0.52215000,0.54457500,0.50910000,0.53130000,61516642.00000000
2019-09-16,0.51607500,0.52500000,0.50805000,0.52215000,52827138.00000000
2019-09-15,0.51442500,0.51742500,0.50737500,0.51592500,32118049.00000000
2019-09-14,0.50527500,0.51742500,0.50287500,0.51615000,31600068.00000000
2019-09-13,0.51960000,0.52012500,0.50272500,0.50490000,30745516.00000000
2019-09-12,0.51907500,0.52477500,0.49897500,0.51967500,75442082.00000000
2019-09-11,0.52335000,0.53250000,0.51510000,0.51862500,45837490.00000000
2019-09-10,0.53977500,0.54645000,0.52177500,0.52477500,56996891.00000000
2019-09-09,0.51990000,0.54225000,0.50865000,0.53970000,37978631.00000000
2019-09-08,0.52477500,0.53002500,0.50857500,0.51990000,60677323.00000000
2019-09-07,0.51390000,0.53520000,0.49507500,0.52462500,46501803.00000000
2019-09-06,0.53955000,0.53962500,0.51112500,0.51420000,71752451.00000000
2019-09-05,0.54060000,0.54502500,0.53265000,0.53955000,40239393.00000000
2019-09-04,0.54457500,0.54742500,0.53730000,0.54067500,45438053.00000000
2019-09-03,0.53872500,0.54765000,0.52950000,0.54472500,27675945.00000000
2019-09-02,0.52312500,0.54000000,0.51855000,0.53925000,41936128.00000000
2019-09-01,0.53902500,0.54330000,0.51360000,0.52417500,46748974.00000000
2019-08-31,0.54915000,0.56257500,0.52665000,0.53962500,33320903.00000000
2019-08-30,0.54472500,0.57262500,0.54045000,0.54855000,79039995.00000000
2019-08-29,0.58177500,0.58402500,0.52747500,0.54375000,70756320.00000000
2019-08-28,0.61590000,0.63165000,0.58072500,0.58200000,66696601.00000000
2019-08-27,0.62377500,0.63375000,0.61192500,0.61530000,25457555.00000000
2019-08-26,0.62257500,0.64237500,0.61072500,0.62392500,70171971.00000000
2019-08-25,0.63840000,0.65490000,0.61537500,0.62295000,31900219.00000000
2019-08-24,0.65047500,0.66120000,0.61132500,0.63772500,39289016.00000000
2019-08-23,0.64432500,0.65985000,0.63885000,0.65055000,23172931.00000000
2019-08-22,0.63135000,0.65280000,0.61575000,0.64425000,27666626.00000000
2019-08-21,0.66495000,0.66930000,0.61500000,0.63135000,26798760.00000000
2019-08-20,0.66802500,0.67845000,0.65842500,0.66210000,22524871.00000000
2019-08-19,0.65662500,0.67905000,0.65625000,0.66802500,32854230.00000000
2019-08-18,0.65145000,0.67620000,0.64815000,0.65782500,14829037.00000000
2019-08-17,0.63937500,0.66600000,0.63735000,0.65175000,17625227.00000000
2019-08-16,0.62700000,0.65797500,0.61020000,0.64087500,24956889.00000000
2019-08-15,0.62737500,0.64440000,0.61267500,0.62812500,20717186.00000000
2019-08-14,0.65655000,0.68025000,0.58837500,0.62685000,32909331.00000000
2019-08-13,0.66682500,0.66975000,0.64042500,0.65625000,25794603.00000000
2019-08-12,0.69157500,0.70290000,0.65595000,0.66600000,15004807.00000000
2019-08-11,0.65475000,0.70492500,0.65317500,0.69360000,18037640.00000000
2019-08-10,0.63840000,0.67747500,0.61342500,0.65775000,31801233.00000000
2019-08-09,0.74872500,0.79050000,0.61905000,0.63907500,217230871.00000000
2019-08-08,0.80265000,0.88500000,0.72870000,0.74865000,107540799.00000000
2019-08-07,0.69817500,0.84225000,0.69315000,0.79890000,124036839.00000000
2019-08-06,0.74722500,0.74722500,0.68557500,0.69780000,28891509.00000000
2019-08-05,0.74362500,0.76522500,0.73830000,0.74535000,23895743.00000000
2019-08-04,0.74700000,0.75585000,0.73132500,0.74040000,16725527.00000000
2019-08-03,0.75247500,0.76785000,0.74100000,0.74880000,18957800.00000000
2019-08-02,0.74542500,0.77250000,0.73650000,0.75322500,31749981.00000000
2019-08-01,0.74985000,0.76162500,0.72697500,0.74422500,22362488.00000000
2019-07-31,0.73920000,0.77205000,0.73920000,0.75165000,34874678.00000000
2019-07-30,0.74257500,0.75000000,0.72532500,0.73867500,32024254.00000000
2019-07-29,0.69180000,0.76710000,0.68482500,0.74310000,143600468.00000000
2019-07-28,0.66960000,0.70260000,0.66472500,0.69157500,24618897.00000000
2019-07-27,0.68062500,0.70582500,0.64837500,0.67117500,34696284.00000000
2019-07-26,0.66232500,0.69592500,0.63825000,0.68175000,24536341.00000000
2019-07-25,0.63022500,0.68865000,0.62827500,0.65910000,38944400.00000000
2019-07-24,0.60832500,0.65160000,0.58417500,0.63135000,33095559.00000000
2019-07-23,0.65160000,0.66217500,0.60060000,0.61020000,54683743.00000000
2019-07-22,0.69060000,0.70125000,0.62895000,0.65130000,55715551.00000000
2019-07-21,0.68767500,0.72472500,0.65460000,0.68887500,137249343.00000000
2019-07-20,0.55252500,0.72712500,0.55222500,0.68767500,182978116.00000000
2019-07-19,0.55672500,0.56340000,0.53917500,0.55147500,31298939.00000000
2019-07-18,0.51885000,0.56625000,0.49830000,0.55275000,60030908.00000000
2019-07-17,0.50085000,0.54645000,0.46725000,0.51862500,73665962.00000000
2019-07-16,0.57315000,0.59527500,0.49350000,0.50002500,68673406.00000000
2019-07-15,0.56002500,0.58890000,0.51727500,0.57007500,135815130.00000000
2019-07-14,0.69915000,0.71317500,0.54907500,0.56040000,109144132.00000000
2019-07-13,0.73207500,0.73282500,0.66750000,0.69862500,45691383.00000000
2019-07-12,0.71032500,0.74130000,0.66802500,0.73110000,92971128.00000000
2019-07-11,0.84525000,0.94027500,0.68625000,0.70860000,196155173.00000000
2019-07-10,0.93562500,0.94672500,0.77677500,0.84607500,102812869.00000000
2019-07-09,1.00342500,1.01167500,0.92325000,0.93420000,46145402.00000000
2019-07-08,0.98377500,1.02960000,0.96795000,1.00380000,42234934.00000000
2019-07-07,0.97627500,1.00725000,0.95332500,0.98542500,34838952.00000000
2019-07-06,0.90975000,1.08750000,0.90975000,0.97725000,87605936.00000000
2019-07-05,0.90675000,0.92377500,0.89520000,0.91320000,15078755.00000000
2019-07-04,0.96225000,0.96450000,0.90007500,0.90780000,36931517.00000000
2019-07-03,0.91327500,0.97387500,0.90345000,0.96172500,53478775.00000000
2019-07-02,0.93630000,0.93802500,0.87750000,0.91140000,75932163.00000000
2019-07-01,0.94425000,0.98167500,0.87907500,0.93532500,90852707.00000000
2019-06-30,1.03102500,1.03867500,0.92925000,0.94080000,68994454.00000000
2019-06-29,0.98040000,1.04287500,0.95767500,1.03162500,59242560.00000000
2019-06-28,0.91920000,1.00102500,0.91462500,0.98032500,106215954.00000000
2019-06-27,1.01992500,1.02427500,0.88147500,0.91920000,169633765.00000000
2019-06-26,1.05390000,1.13565000,0.97785000,1.01992500,264197731.00000000
2019-06-25,0.98677500,1.07992500,0.98145000,1.05465000,192449115.00000000
2019-06-24,0.91192500,1.03980000,0.87772500,0.98400000,181910575.00000000
2019-06-23,0.91372500,0.95205000,0.89752500,0.91245000,72203346.00000000
2019-06-22,0.86947500,0.93975000,0.85845000,0.91702500,133163395.00000000
2019-06-21,0.87900000,0.90315000,0.85110000,0.87300000,54372407.00000000
2019-06-20,0.90240000,0.94020000,0.86407500,0.87870000,66373731.00000000
2019-06-19,0.90772500,0.91275000,0.89220000,0.90442500,37315166.00000000
2019-06-18,0.97365000,0.97875000,0.87322500,0.90405000,99597320.00000000
2019-06-17,0.87915000,1.00140000,0.87795000,0.97492500,165262704.00000000
2019-06-16,0.87270000,0.88447500,0.85545000,0.87885000,66271160.00000000
2019-06-15,0.86197500,0.88500000,0.84660000,0.87217500,57356080.00000000
2019-06-14,0.86527500,0.88950000,0.82762500,0.86415000,65980266.00000000
2019-06-13,0.86115000,0.88282500,0.85237500,0.86505000,80978325.00000000
2019-06-12,0.84637500,0.87052500,0.83355000,0.86190000,72329188.00000000
2019-06-11,0.87427500,0.87540000,0.82080000,0.84885000,74133431.00000000
2019-06-10,0.81240000,0.90832500,0.79942500,0.87427500,371598655.00000000
2019-06-09,0.85147500,0.85950000,0.78757500,0.81427500,52917301.00000000
2019-06-08,0.85500000,0.89092500,0.84000000,0.85357500,78536828.00000000
2019-06-07,0.82987500,0.87750000,0.82162500,0.85500000,93747118.00000000
2019-06-06,0.83325000,0.85042500,0.75000000,0.82995000,75790368.00000000
2019-06-05,0.83152500,0.86175000,0.80812500,0.83430000,121762347.00000000
2019-06-04,0.87480000,0.92167500,0.79672500,0.83152500,588793007.00000000
2019-06-03,0.97020000,0.97477500,0.86827500,0.87472500,173024182.00000000
2019-06-02,0.95902500,0.99750000,0.95385000,0.97102500,58925102.00000000
2019-06-01,0.99877500,1.01475000,0.94875000,0.95617500,88174858.00000000
2019-05-31,0.96030000,1.00927500,0.95272500,0.99870000,80942399.00000000
2019-05-30,1.01332500,1.11217500,0.94290000,0.96300000,286246597.00000000
2019-05-29,1.02877500,1.05750000,0.96817500,1.01362500,107656351.00000000
2019-05-28,1.04265000,1.09500000,0.99855000,1.02660000,155641345.00000000
2019-05-27,0.96622500,1.07842500,0.96067500,1.04265000,316299474.00000000
2019-05-26,0.91230000,0.97320000,0.89632500,0.96870000,118145195.00000000
2019-05-25,0.90630000,0.92250000,0.88672500,0.91140000,40187102.00000000
2019-05-24,0.88365000,0.93405000,0.87922500,0.90502500,69357229.00000000
2019-05-23,0.86422500,0.89857500,0.83287500,0.87855000,63157274.00000000
2019-05-22,0.96577500,0.98167500,0.85770000,0.86250000,150314800.00000000
2019-05-21,0.90015000,0.98767500,0.89100000,0.96900000,196287767.00000000
2019-05-20,0.92737500,0.94995000,0.87255000,0.90457500,149260938.00000000
2019-05-19,0.88740000,0.95160000,0.88275000,0.92887500,111988433.00000000
2019-05-18,0.92070000,0.93570000,0.86055000,0.88552500,88084014.00000000
2019-05-17,0.99982500,1.01175000,0.85200000,0.92220000,214237713.00000000
2019-05-16,1.08862500,1.15627500,0.96000000,1.00027500,258041370.00000000
2019-05-15,1.00177500,1.11075000,0.99547500,1.08862500,106268284.00000000
2019-05-14,0.95212500,1.03695000,0.94665000,1.01010000,157889451.00000000
2019-05-13,0.95220000,1.00680000,0.93352500,0.95340000,98840943.00000000
2019-05-12,0.98287500,1.07137500,0.90862500,0.95145000,333072616.00000000
2019-05-11,0.90030000,1.02532500,0.89775000,0.98415000,201368800.00000000
2019-05-10,0.86767500,0.92790000,0.84060000,0.89857500,167903087.00000000
2019-05-09,0.84075000,0.90255000,0.82500000,0.86662500,193472708.00000000
2019-05-08,0.82732500,0.88672500,0.79635000,0.84075000,89735008.00000000
2019-05-07,0.81945000,0.91650000,0.81945000,0.82980000,161864686.00000000
2019-05-06,0.81022500,0.83850000,0.78000000,0.81952500,66948822.00000000
2019-05-05,0.81105000,0.84757500,0.79680000,0.81097500,67084697.00000000
2019-05-04,0.86917500,0.89625000,0.77115000,0.81112500,120510011.00000000
2019-05-03,0.84840000,0.89437500,0.83737500,0.86955000,72721319.00000000
2019-05-02,0.85207500,0.87705000,0.82777500,0.84847500,40803595.00000000
2019-05-01,0.84900000,0.86520000,0.84120000,0.85042500,35032426.00000000
2019-04-30,0.82387500,0.85687500,0.79417500,0.84997500,115894569.00000000
2019-04-29,0.81367500,0.85252500,0.75825000,0.82275000,129744136.00000000
2019-04-28,0.87862500,0.90232500,0.79537500,0.81480000,91221212.00000000
2019-04-27,0.80385000,0.88740000,0.79672500,0.87772500,110701546.00000000
2019-04-26,0.76912500,0.83242500,0.73635000,0.80437500,142659321.00000000
2019-04-25,0.85357500,0.87000000,0.75795000,0.76912500,109650624.00000000
2019-04-24,0.90022500,0.91297500,0.77737500,0.85950000,147064532.00000000
2019-04-23,1.00515000,1.02375000,0.89625000,0.90157500,119714607.00000000
2019-04-22,1.03500000,1.04175000,0.97867500,1.00342500,84829136.00000000
2019-04-21,1.02112500,1.07385000,0.93150000,1.03500000,175981862.00000000
2019-04-20,0.93540000,1.04430000,0.92287500,1.02405000,157734139.00000000
2019-04-19,0.96030000,0.96030000,0.91530000,0.93390000,72506636.00000000
2019-04-18,0.96375000,0.99172500,0.94425000,0.96135000,68671088.00000000
2019-04-17,0.97072500,0.99000000,0.93322500,0.96652500,66851328.00000000
2019-04-16,0.94725000,0.98062500,0.91935000,0.97155000,82314073.00000000
2019-04-15,1.04250000,1.04805000,0.91530000,0.94800000,117613811.00000000
2019-04-14,1.01242500,1.04250000,0.98325000,1.04250000,80032586.00000000
2019-04-13,0.98737500,1.06095000,0.97725000,1.01625000,157909941.00000000
2019-04-12,0.97875000,1.01662500,0.90750000,0.98805000,149735401.00000000
2019-04-11,1.13655000,1.13775000,0.91057500,0.98175000,340491429.00000000
2019-04-10,1.13032500,1.20195000,1.07190000,1.13752500,175969010.00000000
2019-04-09,1.13835000,1.15627500,1.06935000,1.12777500,154957738.00000000
2019-04-08,1.21260000,1.32000000,1.07107500,1.13520000,427294825.00000000
2019-04-07,1.24095000,1.27875000,1.17172500,1.21867500,154661672.00000000
2019-04-06,1.34842500,1.37415000,1.20772500,1.24800000,302058354.00000000
2019-04-05,1.23157500,1.39500000,1.18575000,1.35157500,354457992.00000000
2019-04-04,1.01025000,1.26420000,0.98962500,1.23157500,508775535.00000000
2019-04-03,0.93615000,1.11817500,0.88440000,1.00740000,294645122.00000000
2019-04-02,0.85530000,0.99015000,0.85312500,0.93615000,353075471.00000000
2019-04-01,0.74182500,0.87750000,0.73500000,0.85522500,264704128.00000000
2019-03-31,0.73207500,0.75037500,0.70590000,0.74152500,79863881.00000000
2019-03-30,0.77805000,0.77962500,0.71790000,0.73200000,153916494.00000000
2019-03-29,0.65242500,0.78750000,0.65242500,0.77692500,275623278.00000000
2019-03-28,0.64627500,0.66097500,0.63262500,0.65295000,71591763.00000000
2019-03-27,0.61822500,0.66630000,0.61357500,0.64627500,1240701351.00000000
2019-03-26,0.61020000,0.63712500,0.59032500,0.61890000,352720832.00000000
2019-03-25,0.64200000,0.64432500,0.59752500,0.61035000,391152943.00000000
2019-03-24,0.66247500,0.66315000,0.62715000,0.64207500,772263905.00000000
2019-03-23,0.64177500,0.66847500,0.63000000,0.66217500,862483605.00000000
2019-03-22,2.25000000,2.25000000,0.64095000,0.64177500,380008351.00000000
